epoch,steps,accuracy_cosine
1.0,5,0.699999988079071
1.0,5,0.699999988079071
