{
  "metrics": {
    "accuracy": 0.9927378358750908,
    "precision": 0.9900618788674292,
    "recall": 0.9893198426082068,
    "f1": 0.9896907216494846,
    "auc": 0.9995432612555932,
    "n_train_samples": 60587,
    "n_test_samples": 15147,
    "n_features": 20,
    "cv_auc_mean": 0.9990623875773181,
    "cv_auc_std": 0.00024019722627132857
  },
  "feature_count": 20,
  "model_type": "GradientBoostingClassifier",
  "training_date": "2025-10-26T18:39:20.524482"
}